<?xml version="1.0" encoding="UTF-8"?>
<project-private xmlns="http://www.netbeans.org/ns/project-private/1">
    <editor-bookmarks xmlns="http://www.netbeans.org/ns/editor-bookmarks/2" lastBookmarkId="0"/>
    <open-files xmlns="http://www.netbeans.org/ns/projectui-open-files/2">
        <group>
            <file>file:/C:/wamp64/www/E-learning/php.php</file>
            <file>file:/C:/wamp64/www/E-learning/home.php</file>
            <file>file:/C:/wamp64/www/E-learning/includes/header.php</file>
            <file>file:/C:/wamp64/www/E-learning/includes/common.php</file>
            <file>file:/C:/wamp64/www/E-learning/includes/contact_script.php</file>
            <file>file:/C:/wamp64/www/E-learning/login.php</file>
            <file>file:/C:/wamp64/www/E-learning/cart.php</file>
            <file>file:/C:/wamp64/www/E-learning/includes/footer.php</file>
            <file>file:/C:/wamp64/www/E-learning/bootstrap.php</file>
            <file>file:/C:/wamp64/www/E-learning/css/style.css</file>
            <file>file:/C:/wamp64/www/E-learning/settings.php</file>
            <file>file:/C:/wamp64/www/E-learning/html.php</file>
            <file>file:/C:/wamp64/www/E-learning/css.php</file>
            <file>file:/C:/wamp64/www/E-learning/mysql.php</file>
            <file>file:/C:/wamp64/www/E-learning/index.php</file>
            <file>file:/C:/wamp64/www/E-learning/signup.php</file>
            <file>file:/C:/wamp64/www/E-learning/contact.php</file>
        </group>
    </open-files>
</project-private>
